[{"pk": 1, "model": "placeholders.layout", "fields": {"template_path": "sections/arts.html", "pic": "", "name": "Arts Section Page", "description": ""}}, {"pk": 2, "model": "placeholders.layout", "fields": {"template_path": "sections/opinion.html", "pic": "", "name": "Opinion Section Page", "description": ""}}, {"pk": 3, "model": "placeholders.layout", "fields": {"template_path": "sections/magazine2.html", "pic": "", "name": "Magazine Section Page", "description": ""}}, {"pk": 4, "model": "placeholders.layout", "fields": {"template_path": "sections/news.html", "pic": "", "name": "News Section Page", "description": ""}}, {"pk": 5, "model": "placeholders.layout", "fields": {"template_path": "sections/sports.html", "pic": "", "name": "Sports Section Page", "description": ""}}, {"pk": 6, "model": "placeholders.layout", "fields": {"template_path": "flyby/index.html", "pic": "", "name": "Flyby Section Page", "description": ""}}, {"pk": 7, "model": "placeholders.layout", "fields": {"template_path": "sections/admissions.html", "pic": "", "name": "Admissions Section Page", "description": ""}}, {"pk": 8, "model": "placeholders.layout", "fields": {"template_path": "sections/media.html", "pic": "", "name": "Media Section Page", "description": ""}}, {"pk": 9, "model": "placeholders.layout", "fields": {"template_path": "index.html", "pic": "", "name": "Index", "description": "Layout for the home page."}}, {"pk": 10, "model": "placeholders.layout", "fields": {"template_path": "newsletters/daily_without_opinion.html", "pic": "", "name": "Daily Newsletter Template (without Opinion)", "description": ""}}, {"pk": 11, "model": "placeholders.layout", "fields": {"template_path": "newsletters/alert.html", "pic": "", "name": "Newsletter Alert Template", "description": ""}}, {"pk": 1, "model": "placeholders.layoutinstance", "fields": {"active": true, "created_on": "2014-03-28T13:39:46", "name": "Primary", "parent": 1}}, {"pk": 2, "model": "placeholders.layoutinstance", "fields": {"active": true, "created_on": "2014-03-28T13:39:46", "name": "Primary", "parent": 2}}, {"pk": 3, "model": "placeholders.layoutinstance", "fields": {"active": true, "created_on": "2014-03-28T13:39:46", "name": "Primary", "parent": 3}}, {"pk": 4, "model": "placeholders.layoutinstance", "fields": {"active": true, "created_on": "2014-03-28T13:39:46", "name": "Primary", "parent": 4}}, {"pk": 5, "model": "placeholders.layoutinstance", "fields": {"active": true, "created_on": "2014-03-28T13:39:46", "name": "Primary", "parent": 5}}, {"pk": 6, "model": "placeholders.layoutinstance", "fields": {"active": true, "created_on": "2014-03-28T13:39:46", "name": "Primary", "parent": 6}}, {"pk": 7, "model": "placeholders.layoutinstance", "fields": {"active": true, "created_on": "2014-03-28T13:39:46", "name": "Primary", "parent": 7}}, {"pk": 8, "model": "placeholders.layoutinstance", "fields": {"active": true, "created_on": "2014-03-28T13:39:46", "name": "Primary", "parent": 8}}, {"pk": 9, "model": "placeholders.layoutinstance", "fields": {"active": true, "created_on": "2014-04-26T11:01:28", "name": "Index instance", "parent": 9}}, {"pk": 1, "model": "placeholders.placeholder", "fields": {"layout": 4, "name": "featured", "title": "", "require_media": true, "title_link": "", "autofill_section": 4, "autofill_prioritize": false, "autofill_number": 0, "min_items": 1, "position": 1, "autofill_tags": [695]}}, {"pk": 3, "model": "placeholders.placeholder", "fields": {"layout": 4, "name": "photo features", "title": "", "require_media": true, "title_link": "", "autofill_section": 4, "autofill_prioritize": true, "autofill_number": 0, "min_items": 5, "position": 4, "autofill_tags": []}}, {"pk": 4, "model": "placeholders.placeholder", "fields": {"layout": 4, "name": "left column", "title": "", "require_media": false, "title_link": "", "autofill_section": 4, "autofill_prioritize": true, "autofill_number": 0, "min_items": 4, "position": 2, "autofill_tags": []}}, {"pk": 5, "model": "placeholders.placeholder", "fields": {"layout": 4, "name": "right column", "title": "", "require_media": false, "title_link": "", "autofill_section": 4, "autofill_prioritize": true, "autofill_number": 0, "min_items": 4, "position": 3, "autofill_tags": []}}, {"pk": 6, "model": "placeholders.placeholder", "fields": {"layout": 4, "name": "lower column part 1 (left)", "title": "", "require_media": false, "title_link": "", "autofill_section": 4, "autofill_prioritize": true, "autofill_number": 0, "min_items": 5, "position": 5, "autofill_tags": []}}, {"pk": 7, "model": "placeholders.placeholder", "fields": {"layout": 4, "name": "lower column part 2 (left)", "title": "", "require_media": false, "title_link": "", "autofill_section": 4, "autofill_prioritize": true, "autofill_number": 0, "min_items": 5, "position": 7, "autofill_tags": []}}, {"pk": 8, "model": "placeholders.placeholder", "fields": {"layout": 4, "name": "lower column part 1 (right)", "title": "", "require_media": false, "title_link": "", "autofill_section": 4, "autofill_prioritize": true, "autofill_number": 0, "min_items": 5, "position": 6, "autofill_tags": []}}, {"pk": 9, "model": "placeholders.placeholder", "fields": {"layout": 4, "name": "lower column part 2 (right)", "title": "", "require_media": false, "title_link": "", "autofill_section": 4, "autofill_prioritize": true, "autofill_number": 0, "min_items": 5, "position": 8, "autofill_tags": []}}, {"pk": 10, "model": "placeholders.placeholder", "fields": {"layout": 1, "name": "featured", "title": "", "require_media": true, "title_link": "", "autofill_section": 1, "autofill_prioritize": false, "autofill_number": 0, "min_items": 1, "position": 0, "autofill_tags": []}}, {"pk": 11, "model": "placeholders.placeholder", "fields": {"layout": 1, "name": "music", "title": "", "require_media": false, "title_link": "", "autofill_section": 1, "autofill_prioritize": false, "autofill_number": 0, "min_items": 2, "position": 3, "autofill_tags": [8]}}, {"pk": 12, "model": "placeholders.placeholder", "fields": {"layout": 1, "name": "oncampus", "title": "", "require_media": false, "title_link": "", "autofill_section": 1, "autofill_prioritize": false, "autofill_number": 0, "min_items": 2, "position": 4, "autofill_tags": [7]}}, {"pk": 13, "model": "placeholders.placeholder", "fields": {"layout": 1, "name": "film", "title": "", "require_media": false, "title_link": "", "autofill_section": 1, "autofill_prioritize": false, "autofill_number": 0, "min_items": 2, "position": 2, "autofill_tags": [52]}}, {"pk": 14, "model": "placeholders.placeholder", "fields": {"layout": 1, "name": "books", "title": "", "require_media": false, "title_link": "", "autofill_section": 1, "autofill_prioritize": false, "autofill_number": 0, "min_items": 2, "position": 1, "autofill_tags": [6]}}, {"pk": 15, "model": "placeholders.placeholder", "fields": {"layout": 1, "name": "lower column part 1 (left)", "title": "", "require_media": false, "title_link": "", "autofill_section": 1, "autofill_prioritize": true, "autofill_number": 0, "min_items": 5, "position": 5, "autofill_tags": []}}, {"pk": 16, "model": "placeholders.placeholder", "fields": {"layout": 1, "name": "lower column part 2 (left)", "title": "", "require_media": false, "title_link": "", "autofill_section": 1, "autofill_prioritize": true, "autofill_number": 0, "min_items": 4, "position": 7, "autofill_tags": []}}, {"pk": 17, "model": "placeholders.placeholder", "fields": {"layout": 1, "name": "lower column part 1 (right)", "title": "", "require_media": false, "title_link": "", "autofill_section": 1, "autofill_prioritize": true, "autofill_number": 0, "min_items": 5, "position": 6, "autofill_tags": []}}, {"pk": 18, "model": "placeholders.placeholder", "fields": {"layout": 1, "name": "lower column part 2 (right)", "title": "", "require_media": false, "title_link": "", "autofill_section": 1, "autofill_prioritize": true, "autofill_number": 0, "min_items": 4, "position": 8, "autofill_tags": []}}, {"pk": 19, "model": "placeholders.placeholder", "fields": {"layout": 5, "name": "featured", "title": "", "require_media": true, "title_link": "", "autofill_section": 5, "autofill_prioritize": false, "autofill_number": 1, "min_items": 1, "position": 1, "autofill_tags": [694]}}, {"pk": 20, "model": "placeholders.placeholder", "fields": {"layout": 5, "name": "left column", "title": "", "require_media": false, "title_link": "", "autofill_section": 5, "autofill_prioritize": true, "autofill_number": 0, "min_items": 4, "position": 2, "autofill_tags": []}}, {"pk": 21, "model": "placeholders.placeholder", "fields": {"layout": 5, "name": "right column", "title": "", "require_media": false, "title_link": "", "autofill_section": 5, "autofill_prioritize": true, "autofill_number": 0, "min_items": 4, "position": 3, "autofill_tags": []}}, {"pk": 23, "model": "placeholders.placeholder", "fields": {"layout": 5, "name": "lower column part 1 (left)", "title": "", "require_media": false, "title_link": "", "autofill_section": 5, "autofill_prioritize": true, "autofill_number": 0, "min_items": 5, "position": 5, "autofill_tags": []}}, {"pk": 24, "model": "placeholders.placeholder", "fields": {"layout": 5, "name": "lower column part 2 (left)", "title": "", "require_media": false, "title_link": "", "autofill_section": 5, "autofill_prioritize": true, "autofill_number": 0, "min_items": 5, "position": 7, "autofill_tags": []}}, {"pk": 25, "model": "placeholders.placeholder", "fields": {"layout": 5, "name": "lower column part 1 (right)", "title": "", "require_media": false, "title_link": "", "autofill_section": 5, "autofill_prioritize": true, "autofill_number": 0, "min_items": 5, "position": 6, "autofill_tags": []}}, {"pk": 26, "model": "placeholders.placeholder", "fields": {"layout": 5, "name": "lower column part 2 (right)", "title": "", "require_media": false, "title_link": "", "autofill_section": 5, "autofill_prioritize": true, "autofill_number": 0, "min_items": 5, "position": 8, "autofill_tags": []}}, {"pk": 27, "model": "placeholders.placeholder", "fields": {"layout": 2, "name": "editorials", "title": "", "require_media": false, "title_link": "", "autofill_section": 2, "autofill_prioritize": false, "autofill_number": 4, "min_items": 2, "position": 2, "autofill_tags": [44]}}, {"pk": 28, "model": "placeholders.placeholder", "fields": {"layout": 2, "name": "opeds", "title": "", "require_media": false, "title_link": "", "autofill_section": 2, "autofill_prioritize": false, "autofill_number": 4, "min_items": 2, "position": 3, "autofill_tags": [46]}}, {"pk": 29, "model": "placeholders.placeholder", "fields": {"layout": 2, "name": "rountables", "title": "", "require_media": false, "title_link": "", "autofill_section": 2, "autofill_prioritize": false, "autofill_number": 4, "min_items": 4, "position": 9, "autofill_tags": [738]}}, {"pk": 31, "model": "placeholders.placeholder", "fields": {"layout": 2, "name": "lower column part 1 (left)", "title": "", "require_media": false, "title_link": "", "autofill_section": 2, "autofill_prioritize": true, "autofill_number": 0, "min_items": 5, "position": 5, "autofill_tags": []}}, {"pk": 32, "model": "placeholders.placeholder", "fields": {"layout": 2, "name": "lower column part 2 (left)", "title": "", "require_media": false, "title_link": "", "autofill_section": 2, "autofill_prioritize": true, "autofill_number": 0, "min_items": 5, "position": 7, "autofill_tags": []}}, {"pk": 33, "model": "placeholders.placeholder", "fields": {"layout": 2, "name": "lower column part 1 (right)", "title": "", "require_media": false, "title_link": "", "autofill_section": 2, "autofill_prioritize": true, "autofill_number": 0, "min_items": 5, "position": 6, "autofill_tags": []}}, {"pk": 34, "model": "placeholders.placeholder", "fields": {"layout": 2, "name": "lower column part 2 (right)", "title": "", "require_media": false, "title_link": "", "autofill_section": 2, "autofill_prioritize": true, "autofill_number": 0, "min_items": 5, "position": 8, "autofill_tags": []}}, {"pk": 45, "model": "placeholders.placeholder", "fields": {"layout": 9, "name": "primary-first-featured", "title": "", "require_media": false, "title_link": "", "autofill_section": 4, "autofill_prioritize": true, "autofill_number": 1, "min_items": 1, "position": 1, "autofill_tags": [513]}}, {"pk": 46, "model": "placeholders.placeholder", "fields": {"layout": 9, "name": "primary-first", "title": "", "require_media": false, "title_link": "", "autofill_section": 4, "autofill_prioritize": true, "autofill_number": 2, "min_items": 2, "position": 3, "autofill_tags": []}}, {"pk": 47, "model": "placeholders.placeholder", "fields": {"layout": 9, "name": "primary-second-featured", "title": "", "require_media": false, "title_link": "", "autofill_section": 4, "autofill_prioritize": true, "autofill_number": 1, "min_items": 1, "position": 2, "autofill_tags": []}}, {"pk": 48, "model": "placeholders.placeholder", "fields": {"layout": 9, "name": "primary-second", "title": "", "require_media": false, "title_link": "", "autofill_section": 4, "autofill_prioritize": true, "autofill_number": 2, "min_items": 2, "position": 4, "autofill_tags": []}}, {"pk": 49, "model": "placeholders.placeholder", "fields": {"layout": 9, "name": "opinion", "title": "", "require_media": false, "title_link": "", "autofill_section": 2, "autofill_prioritize": true, "autofill_number": 5, "min_items": 1, "position": 6, "autofill_tags": []}}, {"pk": 50, "model": "placeholders.placeholder", "fields": {"layout": 9, "name": "secondary second", "title": "", "require_media": false, "title_link": "", "autofill_section": 4, "autofill_prioritize": true, "autofill_number": 8, "min_items": 4, "position": 5, "autofill_tags": []}}, {"pk": 51, "model": "placeholders.placeholder", "fields": {"layout": 9, "name": "galleries", "title": "", "require_media": false, "title_link": "", "autofill_section": null, "autofill_prioritize": true, "autofill_number": 3, "min_items": 1, "position": 7, "autofill_tags": []}}, {"pk": 52, "model": "placeholders.placeholder", "fields": {"layout": 9, "name": "fm featured", "title": "", "require_media": false, "title_link": "", "autofill_section": 3, "autofill_prioritize": true, "autofill_number": 4, "min_items": 2, "position": 8, "autofill_tags": []}}, {"pk": 53, "model": "placeholders.placeholder", "fields": {"layout": 9, "name": "sports section", "title": "", "require_media": false, "title_link": "", "autofill_section": 5, "autofill_prioritize": true, "autofill_number": 4, "min_items": 1, "position": 9, "autofill_tags": []}}, {"pk": 54, "model": "placeholders.placeholder", "fields": {"layout": 9, "name": "arts section", "title": "", "require_media": false, "title_link": "", "autofill_section": null, "autofill_prioritize": false, "autofill_number": 4, "min_items": 1, "position": 10, "autofill_tags": []}}, {"pk": 55, "model": "placeholders.placeholder", "fields": {"layout": 2, "name": "rountable feature", "title": "", "require_media": true, "title_link": "", "autofill_section": 2, "autofill_prioritize": false, "autofill_number": 1, "min_items": 1, "position": 4, "autofill_tags": [738]}}, {"pk": 57, "model": "placeholders.placeholder", "fields": {"layout": 2, "name": "cartoon", "title": "", "require_media": false, "title_link": "", "autofill_section": 2, "autofill_prioritize": false, "autofill_number": 1, "min_items": 1, "position": 1, "autofill_tags": [220]}}]
